user_id,timestamp,ip_address
alice,2025-05-10 23:38:45.248376,93.112.166.128
charlie,2025-05-12 02:54:45.248400,122.155.38.201
admin' --,2025-05-13 21:36:45.248410,93.112.166.128
alice,2025-05-09 03:07:45.248419,93.112.166.128
alice,2025-05-15 08:57:45.248428,122.155.38.201
charlie,2025-05-11 00:57:45.248434,187.204.92.11
charlie,2025-05-12 01:57:45.248439,210.7.143.89
david,2025-05-07 08:08:45.248446,122.155.38.201
david,2025-05-12 03:05:45.248452,122.155.38.201
alice,2025-05-13 12:14:45.248459,187.204.92.11
charlie,2025-05-12 05:33:45.248467,93.112.166.128
charlie,2025-05-10 19:30:45.248474,93.112.166.128
david,2025-05-06 07:28:45.248481,93.112.166.128
alice,2025-05-14 23:49:45.248488,93.112.166.128
alice,2025-05-12 15:38:45.248492,93.112.166.128
charlie,2025-05-09 16:58:45.248497,187.204.92.11
david,2025-05-06 01:21:45.248502,93.112.166.128
david,2025-05-15 08:11:45.248506,187.204.92.11
alice,2025-05-07 03:22:45.248511,93.112.166.128
david,2025-05-12 20:33:45.248517,93.112.166.128
david,2025-05-06 00:32:45.248521,187.204.92.11
alice,2025-05-07 22:43:45.248525,122.155.38.201
charlie,2025-05-08 12:20:45.248530,93.112.166.128
alice,2025-05-05 03:18:45.248534,122.155.38.201
bob,2025-05-05 11:06:45.248539,210.7.143.89
alice,2025-05-15 10:06:45.248544,210.7.143.89
alice,2025-05-10 06:24:45.248551,122.155.38.201
alice,2025-05-15 09:17:45.248558,187.204.92.11
david,2025-05-07 13:05:45.248566,210.7.143.89
david,2025-05-08 05:21:45.248573,187.204.92.11
bob,2025-05-14 02:16:45.248581,122.155.38.201
bob,2025-05-05 18:32:45.248586,210.7.143.89
bob,2025-05-11 21:36:45.248591,187.204.92.11
charlie,2025-05-05 03:24:45.248595,93.112.166.128
david,2025-05-11 07:34:45.248601,210.7.143.89
alice,2025-05-06 11:08:45.248606,93.112.166.128
bob,2025-05-05 14:26:45.248619,187.204.92.11
alice,2025-05-09 02:53:45.248623,210.7.143.89
charlie,2025-05-04 03:51:45.248627,187.204.92.11
alice,2025-05-15 12:48:45.248633,210.7.143.89
bob,2025-05-06 04:48:45.248637,187.204.92.11
charlie,2025-05-10 12:45:45.248642,187.204.92.11
david,2025-05-11 05:12:45.248646,210.7.143.89
alice,2025-05-05 02:01:45.248650,187.204.92.11
david,2025-05-05 03:27:45.248655,210.7.143.89
bob,2025-05-12 09:09:45.248662,210.7.143.89
alice,2025-05-04 14:56:45.248669,210.7.143.89
charlie,2025-05-12 03:29:45.248676,93.112.166.128
alice,2025-05-06 01:33:45.248685,122.155.38.201
bob,2025-05-04 03:51:45.248692,93.112.166.128
charlie,2025-05-11 14:24:45.248698,122.155.38.201
alice,2025-05-11 09:53:45.248704,93.112.166.128
charlie,2025-05-11 04:12:45.248710,93.112.166.128
charlie,2025-05-10 18:43:45.248714,210.7.143.89
charlie,2025-05-12 17:49:45.248719,187.204.92.11
charlie,2025-05-15 05:37:45.248728,122.155.38.201
david,2025-05-09 09:26:45.248733,210.7.143.89
bob,2025-05-14 17:52:45.248737,93.112.166.128
' OR '1'='1,2025-05-06 03:00:45.248743,93.112.166.128
charlie,2025-05-15 10:24:45.248747,187.204.92.11
charlie,2025-05-14 23:40:45.248751,122.155.38.201
alice,2025-05-10 06:18:45.248755,187.204.92.11
david,2025-05-10 14:20:45.248760,93.112.166.128
david,2025-05-13 11:47:45.248764,122.155.38.201
alice,2025-05-14 18:29:45.248769,122.155.38.201
david,2025-05-08 01:22:45.248774,122.155.38.201
charlie,2025-05-09 06:01:45.248778,210.7.143.89
david,2025-05-07 02:22:45.248783,210.7.143.89
alice,2025-05-15 13:10:45.248787,93.112.166.128
bob,2025-05-14 06:40:45.248791,187.204.92.11
alice,2025-05-06 22:04:45.248796,210.7.143.89
charlie,2025-05-05 15:43:45.248803,122.155.38.201
charlie,2025-05-10 18:21:45.248810,187.204.92.11
bob,2025-05-15 06:52:45.248816,187.204.92.11
david,2025-05-09 08:01:45.248823,122.155.38.201
alice,2025-05-12 23:45:45.248830,187.204.92.11
charlie,2025-05-11 10:42:45.248837,210.7.143.89
alice,2025-05-11 17:05:45.248845,210.7.143.89
david,2025-05-05 11:44:45.248852,187.204.92.11
alice,2025-05-04 15:37:45.248859,93.112.166.128
bob,2025-05-10 13:15:45.248863,187.204.92.11
bob,2025-05-13 01:40:45.248868,210.7.143.89
alice,2025-05-14 23:58:45.248872,187.204.92.11
bob,2025-05-05 03:33:45.248879,93.112.166.128
david,2025-05-06 12:46:45.248883,210.7.143.89
alice,2025-05-08 16:46:45.248887,93.112.166.128
david,2025-05-13 07:58:45.248891,187.204.92.11
bob,2025-05-04 18:14:45.248901,210.7.143.89
david,2025-05-06 08:07:45.248906,122.155.38.201
alice,2025-05-05 06:43:45.248910,93.112.166.128
bob,2025-05-14 06:30:45.248915,93.112.166.128
david,2025-05-08 10:00:45.248919,122.155.38.201
bob,2025-05-13 16:25:45.248923,210.7.143.89
david,2025-05-04 15:17:45.248928,122.155.38.201
david,2025-05-07 03:53:45.248932,93.112.166.128
alice,2025-05-07 21:07:45.248938,93.112.166.128
david,2025-05-09 23:14:45.248942,187.204.92.11
alice,2025-05-10 05:03:45.248947,122.155.38.201
alice,2025-05-10 05:15:45.248951,210.7.143.89
alice,2025-05-13 12:54:45.248956,122.155.38.201
